id,sample,method,error,fraction,theta,GLratio,yoff,s1,loc1,a1,s2,loc2,a2,s3,loc3,a3
toluene2_cdcl3_long1_070115.fid,cdcl3,PSO,0.003549369287208998,0.011493788343716178,-0.2678309435762774,0.4605792588172488,0.0001678998276174674,0.00444478468413596,3.376866957591534,4.072198541648769e-05,0.004145694421890919,3.504555195069683,0.005484497804022505,0.0030709344256250434,3.629350537003671,2.3048637557533484e-05
toluene2_cdcl3_long2_070115.fid,cdcl3,PSO,0.008569670369469273,0.011249278485156116,-0.36928104965813247,0.37127386975968607,0.00019933907507697302,0.004681365095744344,3.377085281355258,4.159616992523631e-05,0.0042809755472332095,3.504756734888958,0.005444318720676732,0.0025880687513969293,3.6296585405978425,2.0345284192753914e-05
toluene2_cdcl3_long4_070115.fid,cdcl3,PSO,0.003975170376053751,0.01028138798172626,0.03598486511969857,0.11199578274426841,0.0002881835336879571,0.004062382346868071,3.378031483873414,3.097495224321386e-05,0.004685593258805599,3.505760652022374,0.005240167958191088,0.0033953205351132617,3.6304132897241894,2.3460923988017547e-05
toluene_cdcl3_long1_062915.fid,cdcl3,PSO,0.004126160930369046,0.010199046018429872,0.08526701529640482,0.1106346300531289,0.0002889780847090891,0.004149047808542742,3.393638492751389,3.0255993445228663e-05,0.004665912384384714,3.521294285410216,0.005197014643933592,0.003519876502629098,3.6459686686410615,2.329476471348652e-05
toluene_cdcl3_long2_062915.fid,cdcl3,PSO,0.000984299087844187,0.010790879581159369,-0.049182326711205,0.26925905898951297,0.0002265419066481052,0.004203612177332123,3.393956734623475,3.237946969628025e-05,0.004518828359277185,3.521661856029189,0.005323441229678008,0.0036585832004270512,3.6463351728793123,2.5691783470604963e-05
toluene_cdcl3_long3_062915.fid,cdcl3,PSO,0.0022778226183705866,0.011517676004110316,-0.18993975871663826,0.4256163206047083,0.00016851515933940636,0.004587417365663934,3.3943184867194285,3.877934173924748e-05,0.004285078932777154,3.5219954730582277,0.0054717447661050515,0.0034867709522440537,3.6467522419899328,2.4976763821064418e-05
